Source path,Class name,Method name,Pattern type,Exception types,Handling strategy,Logging framework,Log level
src/main/java/io/moderne/jsonrpc/JsonRpc.java,io.moderne.jsonrpc.JsonRpc,compute,try-catch,Throwable,custom,,
src/main/java/io/moderne/jsonrpc/JsonRpc.java,io.moderne.jsonrpc.JsonRpc,compute,try-catch,Exception,custom,,
src/main/java/io/moderne/jsonrpc/JsonRpcIdDeserializer.java,io.moderne.jsonrpc.JsonRpcIdDeserializer,deserialize,throws-declaration,IOException,propagate,,
src/main/java/io/moderne/jsonrpc/JsonRpcMethod.java,io.moderne.jsonrpc.JsonRpcMethod,convertAndHandle,throws-declaration,Exception,propagate,,
src/main/java/io/moderne/jsonrpc/JsonRpcMethod.java,io.moderne.jsonrpc.JsonRpcMethod,handle,throws-declaration,Exception,propagate,,
src/main/java/io/moderne/jsonrpc/formatter/JsonMessageFormatter.java,io.moderne.jsonrpc.formatter.JsonMessageFormatter,deserialize,throws-declaration,IOException,propagate,,
src/main/java/io/moderne/jsonrpc/formatter/JsonMessageFormatter.java,io.moderne.jsonrpc.formatter.JsonMessageFormatter,serialize,throws-declaration,IOException,propagate,,
src/main/java/io/moderne/jsonrpc/formatter/MessageFormatter.java,io.moderne.jsonrpc.formatter.MessageFormatter,deserialize,throws-declaration,IOException,propagate,,
src/main/java/io/moderne/jsonrpc/formatter/MessageFormatter.java,io.moderne.jsonrpc.formatter.MessageFormatter,serialize,throws-declaration,IOException,propagate,,
src/main/java/io/moderne/jsonrpc/handler/HeaderDelimitedMessageHandler.java,io.moderne.jsonrpc.handler.HeaderDelimitedMessageHandler,receive,try-catch,IOException,recover,,
src/main/java/io/moderne/jsonrpc/handler/HeaderDelimitedMessageHandler.java,io.moderne.jsonrpc.handler.HeaderDelimitedMessageHandler,readLineFromInputStream,throws-declaration,IOException,propagate,,
src/main/java/io/moderne/jsonrpc/handler/HeaderDelimitedMessageHandler.java,io.moderne.jsonrpc.handler.HeaderDelimitedMessageHandler,send,try-catch,IOException,wrap,,
src/main/java/io/moderne/jsonrpc/handler/NewLineDelimitedMessageHandler.java,io.moderne.jsonrpc.handler.NewLineDelimitedMessageHandler,receive,try-catch,IOException,wrap,,
src/main/java/io/moderne/jsonrpc/handler/NewLineDelimitedMessageHandler.java,io.moderne.jsonrpc.handler.NewLineDelimitedMessageHandler,send,try-catch,IOException,wrap,,
src/test/java/io/moderne/jsonrpc/JsonRpcTest.java,io.moderne.jsonrpc.JsonRpcTest,before,throws-declaration,IOException,propagate,,
src/test/java/io/moderne/jsonrpc/JsonRpcTest.java,io.moderne.jsonrpc.JsonRpcTest,requestResponse,throws-declaration,"ExecutionException, InterruptedException, TimeoutException",propagate,,
src/test/java/io/moderne/jsonrpc/JsonRpcTest.java,io.moderne.jsonrpc.JsonRpcTest,noParams,throws-declaration,"ExecutionException, InterruptedException, TimeoutException",propagate,,
src/test/java/io/moderne/jsonrpc/JsonRpcTest.java,io.moderne.jsonrpc.JsonRpcTest,notification,throws-declaration,InterruptedException,propagate,,
src/test/java/io/moderne/jsonrpc/JsonRpcTest.java,io.moderne.jsonrpc.JsonRpcTest,positional,throws-declaration,"ExecutionException, InterruptedException, TimeoutException",propagate,,
src/test/java/io/moderne/jsonrpc/formatter/JsonMessageFormatterTest.java,io.moderne.jsonrpc.formatter.JsonMessageFormatterTest,idAsString,throws-declaration,IOException,propagate,,
src/test/java/io/moderne/jsonrpc/formatter/JsonMessageFormatterTest.java,io.moderne.jsonrpc.formatter.JsonMessageFormatterTest,idAsNumber,throws-declaration,IOException,propagate,,
src/test/java/io/moderne/jsonrpc/formatter/JsonMessageFormatterTest.java,io.moderne.jsonrpc.formatter.JsonMessageFormatterTest,idAsNull,throws-declaration,IOException,propagate,,
src/test/java/io/moderne/jsonrpc/formatter/JsonMessageFormatterTest.java,io.moderne.jsonrpc.formatter.JsonMessageFormatterTest,idNotIncluded,throws-declaration,IOException,propagate,,
src/test/java/io/moderne/jsonrpc/formatter/JsonMessageFormatterTest.java,io.moderne.jsonrpc.formatter.JsonMessageFormatterTest,message,throws-declaration,IOException,propagate,,
